ID,Job Title,Email Address,FirstName LastName,New column
1,Cashier,William_Waterhouse6982@nickia.com,William Waterhouse,It Smart Group
2,Accountant,Hayden_Umney2244@deons.tech,Hayden Umney,ExxonMobil
3,Auditor,Maxwell_Roth9612@extex.org,Maxwell Roth,Vodafone
4,Laboratory Technician,David_West3793@bretoux.com,David West,Erickson
5,Call Center Representative,Tyson_Lewin5558@eirey.tech,Tyson Lewin,UPC
6,Accountant,Denny_Gonzales1929@yahoo.com,Denny Gonzales,Biolife Grup
7,Front Desk Coordinator,Matt_Wright6231@gmail.com,Matt Wright,Zepter
8,Biologist,Dorothy_Summers3604@kideod.biz,Dorothy Summers,Biolife Grup
9,Loan Officer,Jayden_Anderson3724@typill.biz,Jayden Anderson,Demaco
10,Front Desk Coordinator,Sebastian_Jackson8373@twipet.com,Sebastian Jackson,Leadertech Consulting
11,Operator,Alexia_Forester9582@vetan.org,Alexia Forester,Erickson
12,Steward,Karen_Stone9434@mafthy.com,Karen Stone,UPC
13,Retail Trainee,Carl_Larsen7987@zorer.org,Carl Larsen,Comodo
14,Pharmacist,Julianna_Locke2243@fuliss.net,Julianna Locke,Leadertech Consulting
15,Bookkeeper,Ellen_Fox679@tonsy.org,Ellen Fox,UPC
16,Bellman,Abdul_Wood8421@bretoux.com,Abdul Wood,Metro Cash&Carry
17,Baker,Eden_Mcleod2210@deons.tech,Eden Mcleod,Facebook
18,Laboratory Technician,Peter_Gates4219@cispeto.com,Peter Gates,Team Guard SRL
19,Machine Operator,Greta_Upsdell5979@sheye.org,Greta Upsdell,Mars
20,Loan Officer,Chuck_Rose4120@fuliss.net,Chuck Rose,Vodafone
21,Front Desk Coordinator,Hailey_Wilkinson5536@vetan.org,Hailey Wilkinson,Leadertech Consulting
22,HR Coordinator,Domenic_Owen9201@qater.org,Domenic Owen,Boeing
23,Webmaster,Matthew_Stanley6723@twipet.com,Matthew Stanley,Coca-Cola Company
24,Stockbroker,Carmella_Little5556@nickia.com,Carmella Little,AECOM
25,Lecturer,Scarlett_Potts824@irrepsy.com,Scarlett Potts,Areon Impex
26,Electrician,Roger_Ulyatt9010@vetan.org,Roger Ulyatt,Carrefour
27,Budget Analyst,Sofia_Barclay9067@bulaffy.com,Sofia Barclay,Facebook
28,Doctor,Wade_Kennedy7156@gembat.biz,Wade Kennedy,BuzzFeed
29,Laboratory Technician,Fred_Noach9388@famism.biz,Fred Noach,21st Century Fox
30,Operator,Maxwell_Coll3932@guentu.biz,Maxwell Coll,BuzzFeed
31,Software Engineer,Enoch_Potter6786@bulaffy.com,Enoch Potter,ENEL
32,Banker,Benny_Snell7655@hourpy.biz,Benny Snell,Coca-Cola Company
33,Accountant,Gil_Rycroft2449@famism.biz,Gil Rycroft,Vodafone
34,Baker,Michaela_Roth5783@qater.org,Michaela Roth,AECOM
35,Mobile Developer,Judith_Rogers69@typill.biz,Judith Rogers,Biolife Grup
36,IT Support Staff,Maggie_Quinnell3056@elnee.tech,Maggie Quinnell,Global Print
37,Fabricator,Nate_Miller2030@gembat.biz,Nate Miller,Areon Impex
38,Laboratory Technician,Elise_Jordan8392@muall.tech,Elise Jordan,Global Print
39,Auditor,Sienna_Campbell547@bungar.biz,Sienna Campbell,Leadertech Consulting
40,Machine Operator,Tony_Holmes348@elnee.tech,Tony Holmes,DynCorp
41,Business Broker,Dalia_Sawyer6244@ovock.tech,Dalia Sawyer,Comcast
42,Cook,Mike_Ashley6450@mafthy.com,Mike Ashley,Vodafone
43,Baker,Sabina_Khan1538@ubusive.com,Sabina Khan,21st Century Fox
44,Restaurant Manager,Eduardo_Reynolds5015@brety.org,Eduardo Reynolds,ExxonMobil
45,Retail Trainee,Lillian_Eastwood7910@twace.org,Lillian Eastwood,Telekom
46,Fabricator,Elijah_Mullins7047@bulaffy.com,Elijah Mullins,Carrefour
47,Bellman,Julian_Andrews3353@ubusive.com,Julian Andrews,CarMax
48,Bookkeeper,Naomi_Chapman847@grannar.com,Naomi Chapman,Erickson
49,Ambulatory Nurse,Julius_Rodwell2061@mafthy.com,Julius Rodwell,DynCorp
50,Baker,Elijah_Egerton4747@gompie.com,Elijah Egerton,Comcast
51,Restaurant Manager,Anthony_Brown4350@tonsy.org,Anthony Brown,It Smart Group
52,Retail Trainee,Felicity_Mcnally4002@naiker.biz,Felicity Mcnally,Comodo
53,Stockbroker,Jayden_Haines5727@bretoux.com,Jayden Haines,Carrefour
54,Cook,Barney_Ingham3208@jiman.org,Barney Ingham,Carrefour
55,Cook,George_Carson7777@vetan.org,George Carson,Danone
56,Call Center Representative,Ivette_Wellington3599@nanoff.biz,Ivette Wellington,DynCorp
57,Operator,Anthony_Salt7827@bauros.biz,Anthony Salt,Boeing
58,Loan Officer,Leah_Vincent2447@bretoux.com,Leah Vincent,UPC
59,Service Supervisor,Louise_Blythe9212@dionrab.com,Louise Blythe,UPC
60,Cash Manager,Emery_Scott1947@bungar.biz,Emery Scott,DynCorp
61,Service Supervisor,Tyler_Jenkins1477@twipet.com,Tyler Jenkins,Demaco
62,Fabricator,Kamila_Andersson5256@gembat.biz,Kamila Andersson,Carrefour
63,Health Educator,Davina_Summers2984@muall.tech,Davina Summers,CarMax
64,Physician,Meredith_Murphy886@bretoux.com,Meredith Murphy,UPC
65,Software Engineer,Hank_Roman8112@yahoo.com,Hank Roman,Apple Inc.
66,Steward,Julius_Forth238@bulaffy.com,Julius Forth,Areon Impex
67,Investment  Advisor,Ryan_Wilton8639@supunk.biz,Ryan Wilton,Carrefour
68,Design Engineer,Dasha_Warren2796@qater.org,Dasha Warren,Metro Cash&Carry
69,Cook,Amy_Wren9713@deons.tech,Amy Wren,Danone
70,Webmaster,Tom_Sherwood1827@brety.org,Tom Sherwood,AECOM
71,Healthcare Specialist,Marissa_Attwood7404@fuliss.net,Marissa Attwood,Comodo
72,Inspector,Bart_Ventura9106@supunk.biz,Bart Ventura,Facebook
73,Steward,Johnathan_Leigh1815@ovock.tech,Johnathan Leigh,Facebook
74,Auditor,William_Verdon8302@qater.org,William Verdon,21st Century Fox
75,Biologist,Julius_Button6692@gompie.com,Julius Button,Leadertech Consulting
76,Software Engineer,Danielle_Oswald8339@acrit.org,Danielle Oswald,It Smart Group
77,Machine Operator,Alexander_Russell6906@elnee.tech,Alexander Russell,Team Guard SRL
78,Investment  Advisor,Macy_Walsh7703@qater.org,Macy Walsh,Mars
79,Ambulatory Nurse,Alexa_Waterson1691@typill.biz,Alexa Waterson,UPC
80,Front Desk Coordinator,Adeline_Crawley8263@twace.org,Adeline Crawley,Vodafone
81,Dentist,Kieth_Watt6035@grannar.com,Kieth Watt,Coca-Cola Company
82,Retail Trainee,Kieth_Briggs4191@dionrab.com,Kieth Briggs,Erickson
83,Staffing Consultant,Julius_Simpson7225@typill.biz,Julius Simpson,Zepter
84,Ambulatory Nurse,Mary_Appleton5440@nickia.com,Mary Appleton,Vodafone
85,Cash Manager,Elly_Reid3059@ovock.tech,Elly Reid,CarMax
86,Web Developer,Phillip_Mcnally2986@bauros.biz,Phillip Mcnally,Team Guard SRL
87,Doctor,Mavis_Bingham7500@atink.com,Mavis Bingham,Areon Impex
88,Service Supervisor,Nate_Corbett3114@cispeto.com,Nate Corbett,Team Guard SRL
89,Front Desk Coordinator,Georgia_Power8700@sheye.org,Georgia Power,DynCorp
90,Designer,Monica_Blythe1067@acrit.org,Monica Blythe,Team Guard SRL
91,Bellman,Boris_Overson701@grannar.com,Boris Overson,Comodo
92,Service Supervisor,Daniel_Veale5287@jiman.org,Daniel Veale,AECOM
93,Physician,Abdul_Roberts4516@naiker.biz,Abdul Roberts,AECOM
94,CNC Operator,David_Mcleod9654@acrit.org,David Mcleod,Global Print
95,Staffing Consultant,Vivian_Griffiths7855@naiker.biz,Vivian Griffiths,Leadertech Consulting
96,Production Painter,Cynthia_Crawley9500@twace.org,Cynthia Crawley,AECOM
97,Bookkeeper,Brad_Tobin5097@bretoux.com,Brad Tobin,UPC
98,Webmaster,Carissa_Weston5695@nickia.com,Carissa Weston,UPC
99,Biologist,Rosalee_Gilmour1947@sheye.org,Rosalee Gilmour,Danone
100,Healthcare Specialist,Chester_Warden4838@ovock.tech,Chester Warden,Demaco

